{
  "n_rollouts": 30,
  "dqn": {
    "mean": 0.048033924932436384,
    "std": 0.026796490888335314
  },
  "greedy": {
    "mean": 0.09030143284083648,
    "std": 0.017258440877616445
  },
  "random": {
    "mean": 0.03959682430528724,
    "std": 0.01691742674755531
  }
}